<?xml version="1.0" encoding="UTF-8" ?>
<!DOCTYPE mapper PUBLIC "-//mybatis.org//DTD mapper 3.0//EN"
        "http://mybatis.org/dtd/mybatis-3-mapper.dtd">
<!-- 마이바티스는 xml 파일에 쿼리문을 작성하고, 클래스를 사용함 -->
<mapper namespace="mapper.account">
    <!-- 쿼리문 작성-->
    <!-- parameterType에서 Account를 가져올 때 임폴트를 하지 않아도 되는 이유가 alias로 임폴트를 mybatis-config.xml에서 설정해 주었기 때문 -->
    <insert id="insertAccount" parameterType="Account">
        <!-- 쿼리문 자체에 크다 작다 라는 기호가 들어갈 수 없기 때문에 ![CDATA[]]를 이용 -->
        <!-- 앞에는 컬럼명, 뒤에는 속성명 -->
        <![CDATA[
        insert into account (id, name, balance, type, grade) values(#{id}, #{name}, #{balance}, #{type}, #{grade})
        ]]>
    </insert>

    <select id="selectAccount" parameterType="String" resultType="Account">
       <![CDATA[
        select * from account where id=#{id}
        ]]>
    </select>

    <update id="updateBalance" parameterType="Account">
        <![CDATA[
        update account set balane=#{balance} where id={#id}
        ]]>
    </update>

    <!-- 리스트 타입이지만 하나의 객체로 지정 -->
    <select id="selectAccountList" resultType="Account">
        <![CDATA[
        select * from account order by id
        ]]>
    </select>
</mapper>
